name	ACE2.accession	virus.accession	ptm	iptm	ACE2_residues	entry
hACE2_141441	gi|13516971:55-2472	C_AA085194.1	0.69	0.2	121, 124, 125, 126, 128, 129, 131, 139, 140, 141, 142, 143, 144, 145, 146, 147, 149, 150, 335, 338, 341, 342, 343, 344, 345, 347, 349, 378, 382, 40, 401, 402, 43, 44, 47, 50, 504, 508, 51, 510, 514, 54, 55, 56, 59, 62, 63, 69, 70	Yes
hACE2_17s	gi|13516971:55-2472	AGP04930	0.71	0.28	117, 118, 121, 122, 124, 125, 127, 128, 129, 130, 131, 143, 144, 145, 146, 168, 273, 337, 338, 340, 341, 342, 343, 345, 347, 348, 349, 378, 402, 47, 50, 504, 505, 51, 510, 515, 54, 56, 59, 60, 62, 63	No
hACE2_19s	gi|13516971:55-2472	AGP04932	0.68	0.14	128, 129, 131, 139, 140, 141, 143, 145, 146, 149, 150, 153, 154, 273, 274, 277, 335, 339, 341, 342, 343, 344, 345, 346, 347, 348, 359, 360, 363, 378, 394, 401, 402, 50, 504, 505, 51, 510, 54, 55, 56, 59	No
hACE2_20s	gi|13516971:55-2472	AGP04933	0.69	0.18	121, 124, 125, 128, 129, 131, 143, 144, 145, 149, 271, 273, 274, 338, 340, 341, 342, 343, 344, 345, 347, 349, 378, 394, 398, 401, 47, 50, 503, 504, 505, 51, 510, 515, 53, 54, 55, 56, 59, 60, 62, 63, 67	No
hACE2_21s	gi|13516971:55-2472	AGP04934	0.68	0.53	132, 133, 134, 135, 136, 140, 141, 142, 148, 151, 157, 159, 160, 163, 164, 167, 168, 655, 659, 660, 661, 662, 663, 688, 689, 690, 693	No
hACE2_220153	gi|13516971:55-2472	C_AAI84059.1	0.69	0.18	117, 118, 120, 121, 122, 124, 125, 128, 129, 131, 143, 187, 343, 345, 346, 347, 349, 398, 402, 47, 50, 504, 505, 508, 509, 51, 510, 514, 515, 54, 55, 56, 58, 59, 60, 61, 62, 63, 64	not-tested
hACE2_220155	gi|13516971:55-2472	C_AAI84064.1	0.69	0.21	121, 124, 125, 126, 127, 128, 129, 130, 131, 143, 145, 146, 271, 273, 274, 335, 338, 340, 341, 342, 343, 344, 345, 346, 347, 348, 374, 375, 378, 401, 402, 406, 445, 46, 47, 50, 504, 505, 508, 51, 510, 514, 515, 518, 54, 55, 56, 58, 59, 60, 62, 63	not-tested
hACE2_223023	gi|13516971:55-2472	C_AAI84049.1	0.7	0.23	118, 121, 122, 124, 125, 127, 128, 129, 130, 131, 139, 143, 144, 145, 146, 168, 273, 341, 342, 343, 344, 345, 346, 347, 375, 398, 402, 47, 50, 504, 505, 508, 51, 510, 514, 515, 54, 55, 56, 59, 62, 63	No
hACE2_223028	gi|13516971:55-2472	C_AAI84054.1	0.7	0.24	121, 124, 125, 127, 128, 129, 131, 143, 145, 273, 341, 343, 345, 347, 349, 398, 402, 47, 50, 504, 505, 508, 51, 510, 514, 515, 518, 54, 56, 59, 60, 62, 63	not-tested
hACE2_223381	gi|13516971:55-2472	C_AAI84069.1	0.69	0.2	121, 124, 128, 129, 131, 143, 145, 273, 341, 343, 345, 349, 47, 50, 504, 505, 508, 51, 510, 511, 514, 515, 54, 55, 56, 59, 60, 62, 63, 67	not-tested
hACE2_22s	gi|13516971:55-2472	AGP04935	0.65	0.29	134, 136, 140, 142, 147, 148, 151, 157, 159, 160, 163, 655, 659, 660, 661, 663, 690, 693, 695, 696, 699	No
hACE2_24s	gi|13516971:55-2472	AGP04936	0.71	0.28	121, 124, 125, 127, 128, 129, 130, 131, 143, 144, 145, 146, 168, 273, 335, 339, 340, 341, 342, 343, 344, 345, 347, 348, 349, 361, 374, 378, 401, 402, 406, 47, 50, 503, 504, 505, 508, 51, 510, 514, 515, 518, 54, 56, 59, 60, 62, 63	No
hACE2_27s	gi|13516971:55-2472	AGP04938	0.69	0.19	121, 124, 125, 128, 129, 131, 143, 144, 145, 146, 149, 271, 273, 274, 335, 337, 338, 339, 340, 341, 342, 343, 344, 345, 347, 348, 349, 359, 378, 394, 401, 402, 47, 50, 503, 504, 505, 51, 510, 514, 515, 53, 54, 55, 56, 59, 60, 62, 63	No
hACE2_28s	gi|13516971:55-2472	AGP04939	0.79	0.68	234, 259, 462, 480, 483, 484, 600, 601, 602, 603, 606, 607, 609	No
hACE2_31s	gi|13516971:55-2472	AGP04941	0.68	0.16	150, 154, 280, 283, 286, 287, 288, 289, 290, 292, 293, 294, 295, 298, 299, 335, 363, 365, 423, 424, 425, 427, 434	No
hACE2_32s	gi|13516971:55-2472	AGP04942	0.7	0.36	213, 216, 221, 224, 225, 227, 228, 229, 232, 465, 467, 575, 576, 577, 578, 579, 580, 581, 582, 589	No
hACE2_33s	gi|13516971:55-2472	KC522104	0.69	0.19	118, 121, 124, 125, 126, 127, 128, 129, 131, 143, 145, 146, 175, 273, 338, 341, 343, 345, 347, 348, 349, 350, 374, 40, 402, 406, 43, 44, 47, 50, 504, 505, 508, 51, 510, 515, 518, 54, 55, 56, 59, 60, 62, 63	No
hACE2_clade2	gi|13516971:55-2472	n.a	0.68	0.18	118, 121, 124, 125, 127, 128, 129, 131, 143, 145, 146, 341, 343, 345, 349, 374, 378, 40, 402, 43, 44, 47, 50, 504, 505, 508, 510, 515, 54, 55, 56, 59, 62, 63, 66, 67	No
hACE2_ejcov3	gi|13516971:55-2472	LC706865.1	0.69	0.2	40, 43, 44, 47, 50, 51, 54, 55, 56, 59, 62, 63, 69, 121, 124, 125, 128, 129, 131, 139, 140, 141, 142, 143, 144, 145, 146, 147, 148, 149, 150, 335, 339, 341, 342, 343, 344, 345, 347, 348, 349, 394, 398, 402, 403, 504, 505, 508, 510, 514, 515, 518	No
hACE2_hku25	gi|13516971:55-2472	KX442564.1	0.69	0.23	43, 44, 47, 50, 51, 54, 55, 56, 59, 62, 124, 125, 127, 128, 129, 131, 139, 141, 142, 143, 145, 146, 147, 150, 273, 335, 338, 341, 343, 345, 347, 349, 402, 504, 505, 508, 510, 515, 518	No
hACE2_hsavi	gi|13516971:55-2472	MG596802	0.67	0.16	121, 124, 125, 126, 127, 128, 129, 131, 139, 143, 144, 145, 146, 273, 274, 335, 338, 341, 342, 343, 344, 345, 347, 349, 40, 402, 44, 47, 50, 504, 505, 508, 51, 510, 515, 518, 519, 54, 56, 59, 62, 63	No
hACE2_lmh03f	gi|13516971:55-2472	NC009020	0.68	0.14	136, 157, 158, 159, 160, 163, 254, 255, 615, 616, 617, 654, 658, 659, 690, 692, 693, 694, 696, 697, 698, 699, 701, 702, 726	No
hACE2_mers-cov	gi|13516971:55-2472	YP_009047204.1	0.69	0.21	115, 117, 118, 119, 120, 121, 122, 123, 124, 125, 127, 128, 129, 131, 145, 187, 273, 274, 341, 343, 345, 346, 347, 348, 349, 350, 351, 40, 402, 44, 47, 50, 504, 505, 507, 508, 509, 51, 510, 515, 54, 55, 56, 59, 60, 62, 63	No
hACE2_nvhku5	gi|13516971:55-2472	C_AA075371.1	0.63	0.14	135, 136, 156, 157, 159, 249, 250, 251, 253, 254, 615, 616, 655, 659, 661, 687, 689, 690, 692, 693, 695, 696, 699	No
hACE2_pkhulii	gi|13516971:55-2472	MG596803	0.67	0.16	114, 118, 120, 121, 122, 124, 125, 126, 127, 128, 129, 130, 131, 132, 133, 139, 141, 142, 143, 145, 146, 147, 150, 175, 335, 337, 338, 340, 341, 342, 343, 344, 345, 347, 349, 39, 394, 395, 398, 40, 401, 402, 43, 44, 47, 50, 504, 505, 508, 51, 510, 514, 515, 54, 56, 59, 60, 62, 63, 69	No
hACE2_q265	gi|13516971:55-2472	OQ175285.1	0.68	0.18	47, 50, 51, 54, 56, 59, 62, 63, 121, 122, 124, 125, 126, 127, 128, 129, 131, 139, 141, 143, 144, 145, 146, 147, 149, 175, 273, 274, 338, 341, 342, 343, 344, 345, 346, 347, 348, 349, 375, 378, 382, 401, 402, 406, 445, 504, 505, 508, 510, 514, 515, 518	No
hACE2_sars-2-rbd	gi|13516971:55-2472	YP_009724390.1	0.81	0.84	19, 24, 27, 28, 30, 31, 34, 35, 353, 354, 355, 357, 37, 38, 393, 41, 42, 45, 79, 82, 83	Yes
hACE2_sc2013	gi|13516971:55-2472	KJ473821	0.64	0.15	257, 258, 259, 600, 601, 603, 607, 608, 609, 610, 615, 619, 621, 623, 678	No
hACE2_wz2	gi|13516971:55-2472	OQ715761.1	0.69	0.23	50, 54, 56, 59, 124, 125, 127, 128, 129, 131, 143, 144, 145, 146, 149, 150, 168, 269, 270, 271, 273, 274, 275, 276, 338, 341, 343, 345, 346, 374, 375, 402, 445, 504, 505, 510, 514, 515	No
nvACE2_141441	XM_044236017.1	C_AA085194.1	0.7	0.3	120, 121, 124, 125, 128, 129, 131, 143, 144, 145, 146, 339, 340, 341, 342, 343, 344, 345, 346, 347, 50, 504, 505, 508, 51, 510, 53, 54, 55, 56, 59, 60, 62, 63	Yes
nvACE2_17s	XM_044236017.1	AGP04930	0.67	0.15	114, 119, 120, 121, 123, 124, 125, 127, 128, 129, 145, 146, 199, 203, 341, 342, 343, 344, 345, 348, 349, 350, 351, 382, 385, 393, 394, 398, 40, 401, 402, 43, 44, 46, 47, 48, 50, 504, 507, 508, 509, 51, 510, 511, 514, 515, 54, 55, 56, 57, 59, 60, 61, 62, 63, 64, 66, 67, 69, 70	No
nvACE2_19s	XM_044236017.1	AGP04932	0.81	0.86	26, 30, 323, 324, 325, 326, 328, 329, 33, 330, 34, 353, 354, 355, 37, 386, 387, 388, 389, 393, 41, 90, 92, 93, 96	Yes
nvACE2_20s	XM_044236017.1	AGP04933	0.78	0.7	259, 462, 480, 483, 484, 600, 601, 602, 603, 606, 607, 608, 609	No
nvACE2_21s	XM_044236017.1	AGP04934	0.81	0.85	26, 30, 323, 324, 325, 326, 328, 329, 33, 330, 34, 353, 354, 355, 37, 386, 387, 388, 389, 393, 41, 90, 92, 93, 96	Yes
nvACE2_220153	XM_044236017.1	C_AAI84059.1	0.68	0.19	117, 118, 121, 122, 124, 125, 126, 127, 128, 129, 131, 143, 145, 146, 175, 341, 343, 344, 345, 346, 347, 348, 349, 359, 374, 375, 402, 43, 47, 50, 504, 505, 507, 508, 51, 510, 515, 54, 55, 56, 59, 60, 62, 63, 66	not-tested
nvACE2_220155	XM_044236017.1	C_AAI84064.1	0.68	0.19	102, 103, 104, 105, 106, 118, 121, 122, 124, 125, 127, 128, 129, 131, 139, 143, 202, 339, 340, 341, 343, 345, 347, 349, 359, 43, 46, 47, 50, 504, 508, 509, 51, 510, 514, 52, 53, 54, 55, 56, 57, 58, 59, 62, 63, 66, 69, 70, 73, 99	not-tested
nvACE2_223023	XM_044236017.1	C_AAI84049.1	0.68	0.19	118, 121, 122, 124, 125, 128, 129, 131, 143, 145, 341, 342, 343, 344, 345, 346, 347, 349, 359, 43, 47, 50, 504, 508, 509, 51, 510, 514, 515, 54, 55, 56, 57, 59, 60, 62, 63	No
nvACE2_223028	XM_044236017.1	C_AAI84054.1	0.69	0.22	121, 124, 125, 128, 129, 143, 145, 146, 335, 339, 341, 342, 344, 345, 347, 349, 359, 47, 50, 504, 508, 51, 510, 54, 56, 59, 60, 62, 63	not-tested
nvACE2_223381	XM_044236017.1	C_AAI84069.1	0.7	0.24	121, 124, 125, 127, 128, 129, 143, 144, 145, 146, 339, 341, 343, 344, 345, 347, 50, 504, 508, 51, 510, 54, 56, 59, 62, 63	not-tested
nvACE2_22s	XM_044236017.1	AGP04935	0.8	0.85	26, 30, 323, 324, 325, 326, 328, 329, 33, 330, 34, 353, 354, 355, 37, 386, 387, 388, 389, 393, 41, 90, 92, 93, 96	Yes
nvACE2_24s	XM_044236017.1	AGP04936	0.68	0.22	102, 105, 117, 120, 121, 122, 123, 124, 125, 126, 128, 129, 187, 190, 196, 199, 202, 205, 206, 340, 341, 343, 345, 347, 349, 394, 398, 402, 43, 44, 46, 47, 48, 49, 50, 504, 509, 51, 510, 514, 53, 54, 55, 56, 57, 58, 59, 60, 61, 62, 63, 64, 66, 67, 70, 73	No
nvACE2_27s	XM_044236017.1	AGP04938	0.71	0.35	259, 462, 476, 480, 483, 484, 600, 601, 602, 603, 606, 607, 609	No
nvACE2_28s	XM_044236017.1	AGP04939	0.67	0.15	121, 124, 125, 126, 127, 128, 129, 130, 131, 143, 144, 145, 146, 335, 339, 340, 341, 342, 343, 344, 345, 346, 347, 349, 393, 394, 44, 47, 50, 504, 505, 508, 51, 510, 511, 514, 515, 53, 54, 55, 56, 59, 60, 62, 63	No
nvACE2_31s	XM_044236017.1	AGP04941	0.7	0.35	246, 249, 250, 253, 254, 255, 256, 258, 601, 602, 615, 616, 654, 657, 658, 659, 696, 698, 699, 702, 706	No
nvACE2_32s	XM_044236017.1	AGP04942	0.81	0.85	26, 30, 323, 324, 325, 326, 328, 329, 33, 330, 34, 353, 354, 355, 37, 386, 387, 388, 389, 393, 41, 90, 92, 93, 96	Yes
nvACE2_33s	XM_044236017.1	KC522104	0.8	0.83	26, 30, 323, 324, 325, 326, 328, 33, 34, 353, 354, 355, 37, 386, 387, 388, 389, 393, 41, 90, 93, 96	No
nvACE2_clade2	XM_044236017.1	n.a	0.81	0.85	26, 30, 321, 323, 324, 325, 326, 328, 329, 33, 330, 34, 353, 354, 355, 37, 386, 387, 388, 389, 393, 41, 90, 93, 96	Yes
nvACE2_ejcov3	XM_044236017.1	LC706865.1	0.71	0.39	26, 30, 33, 34, 89, 90, 92, 93, 96, 321, 322, 324, 354, 356, 383, 384, 386, 387, 388, 389, 552, 555, 556, 559, 560, 563, 572	Yes
nvACE2_hku25	XM_044236017.1	KX442564.1	0.67	0.18	43, 44, 47, 50, 51, 54, 55, 56, 59, 62, 124, 125, 127, 128, 129, 131, 143, 145, 146, 147, 149, 150, 273, 274, 335, 338, 339, 340, 341, 342, 343, 344, 345, 347, 349, 361, 363, 402, 504, 505, 508, 510, 514, 515, 518	No
nvACE2_hsavi	XM_044236017.1	MG596802	0.74	0.64	26, 29, 30, 322, 323, 324, 325, 326, 328, 329, 33, 330, 34, 353, 354, 355, 37, 38, 387, 389, 393, 41, 92, 93, 96	No
nvACE2_lmh03f	XM_044236017.1	NC009020	0.67	0.16	140, 142, 147, 150, 151, 153, 154, 156, 157, 160, 280, 286, 287, 290, 292, 294, 295, 298, 299, 334, 335, 337, 362, 363, 364, 365	No
nvACE2_mers-cov	XM_044236017.1	YP_009047204.1	0.68	0.21	114, 117, 118, 119, 121, 122, 124, 125, 127, 128, 129, 143, 144, 145, 269, 271, 273, 274, 339, 341, 342, 343, 344, 345, 346, 347, 348, 375, 378, 379, 382, 385, 401, 402, 50, 503, 504, 505, 508, 509, 51, 510, 515, 54, 55, 56, 59, 62, 63	No
nvACE2_nvhku5	XM_044236017.1	C_AA075371.1	0.8	0.82	26, 30, 322, 324, 325, 328, 329, 33, 34, 353, 354, 355, 37, 386, 387, 388, 389, 393, 41, 90, 92, 93, 96	Yes
nvACE2_pkhulii	XM_044236017.1	MG596803	0.66	0.15	322, 323, 324, 325, 329, 34, 353, 354, 356, 38, 383, 387, 548	No
nvACE2_q265	XM_044236017.1	OQ175285.1	0.8	0.85	26, 30, 33, 34, 37, 41, 90, 92, 93, 96, 323, 324, 325, 326, 328, 353, 354, 355, 386, 387, 388, 389, 393	Yes
nvACE2_sars-2-rbd	XM_044236017.1	YP_009724390.1	0.8	0.83	19, 24, 27, 28, 30, 31, 34, 35, 353, 354, 355, 357, 37, 38, 393, 41, 42, 45, 79, 82, 83	Yes
nvACE2_sc2013	XM_044236017.1	KJ473821	0.79	0.81	26, 30, 321, 323, 324, 325, 326, 328, 329, 33, 330, 34, 353, 354, 355, 37, 386, 387, 388, 389, 393, 41, 93, 96	Yes
nvACE2_wz2	XM_044236017.1	OQ715761.1	0.67	0.15	43, 47, 50, 51, 54, 55, 56, 59, 60, 62, 63, 69, 73, 124, 125, 127, 128, 129, 131, 143, 145, 146, 335, 336, 337, 338, 339, 340, 341, 342, 343, 344, 345, 347, 349, 359, 402, 504, 505, 510, 511, 514, 515	No
PabrACE2_141441	GQ262782.1	C_AA085194.1	0.7	0.3	102, 104, 124, 125, 127, 128, 129, 130, 131, 133, 137, 138, 139, 140, 141, 142, 143, 144, 145, 146, 148, 167, 201, 334, 338, 339, 340, 341, 342, 343, 344, 345, 346, 47, 50, 503, 504, 507, 508, 509, 51, 513, 514, 54, 56, 62, 63, 66, 70	No
PabrACE2_17s	GQ262782.1	AGP04930	0.81	0.88	26, 30, 322, 323, 324, 325, 327, 328, 329, 33, 34, 352, 353, 37, 385, 386, 387, 388, 392, 42, 90, 92, 93, 96	Yes
PabrACE2_19s	GQ262782.1	AGP04932	0.81	0.86	26, 30, 322, 323, 324, 325, 327, 328, 329, 33, 34, 352, 353, 354, 356, 37, 385, 386, 387, 388, 392, 41, 90, 92, 93, 96	Yes
PabrACE2_20s	GQ262782.1	AGP04933	0.81	0.86	26, 30, 322, 323, 324, 325, 327, 328, 33, 34, 352, 353, 354, 37, 385, 386, 387, 388, 41, 90, 92, 93, 96	Yes
PabrACE2_21s	GQ262782.1	AGP04934	0.8	0.85	26, 30, 322, 323, 324, 325, 327, 328, 329, 33, 34, 352, 353, 354, 356, 37, 385, 386, 387, 388, 392, 41, 90, 92, 93, 96	Yes
PabrACE2_220153	GQ262782.1	C_AAI84059.1	0.7	0.29	118, 121, 122, 124, 125, 127, 128, 129, 131, 143, 145, 148, 270, 272, 273, 340, 341, 342, 343, 344, 345, 346, 348, 358, 397, 401, 47, 50, 502, 503, 504, 507, 508, 509, 51, 513, 514, 517, 53, 54, 55, 56, 57, 58, 59, 62, 63	not-tested
PabrACE2_220155	GQ262782.1	C_AAI84064.1	0.7	0.29	124, 128, 140, 142, 143, 144, 145, 146, 148, 149, 152, 272, 335, 336, 340, 341, 342, 343, 344, 345, 358, 362, 503, 504, 507, 509, 514	not-tested
PabrACE2_223023	GQ262782.1	C_AAI84049.1	0.75	0.53	124, 127, 128, 129, 131, 141, 142, 143, 144, 145, 146, 148, 149, 152, 272, 334, 336, 338, 340, 341, 342, 343, 344, 345, 346, 358, 362, 367, 370, 401, 50, 503, 504, 507, 509, 51, 514	No
PabrACE2_223028	GQ262782.1	C_AAI84054.1	0.77	0.61	124, 127, 128, 129, 131, 141, 142, 143, 144, 145, 146, 148, 149, 152, 270, 272, 334, 335, 336, 338, 340, 341, 342, 343, 344, 345, 346, 358, 362, 370, 401, 50, 503, 504, 507, 509, 51, 514, 54	not-tested
PabrACE2_223381	GQ262782.1	C_AAI84069.1	0.69	0.24	124, 127, 128, 129, 131, 139, 141, 143, 144, 145, 146, 148, 149, 167, 335, 340, 341, 342, 344, 346, 47, 50, 503, 504, 509, 51, 514, 54, 55, 56, 59, 62, 66	not-tested
PabrACE2_22s	GQ262782.1	AGP04935	0.8	0.85	26, 30, 322, 323, 324, 325, 327, 328, 329, 33, 34, 352, 353, 354, 356, 37, 38, 385, 386, 387, 388, 392, 41, 90, 92, 93, 96	Yes
PabrACE2_24s	GQ262782.1	AGP04936	0.7	0.31	117, 118, 121, 122, 124, 125, 128, 129, 143, 144, 145, 148, 270, 272, 273, 334, 340, 341, 342, 343, 344, 346, 347, 348, 373, 377, 401, 405, 47, 50, 503, 504, 509, 51, 513, 514, 54, 55, 56, 62, 63	Yes
PabrACE2_27s	GQ262782.1	AGP04938	0.81	0.86	26, 30, 322, 323, 324, 327, 328, 33, 34, 352, 353, 354, 37, 38, 385, 386, 387, 388, 392, 41, 90, 92, 93, 96	Yes
PabrACE2_28s	GQ262782.1	AGP04939	0.81	0.87	26, 30, 322, 323, 324, 325, 327, 328, 33, 34, 352, 353, 354, 37, 38, 385, 386, 387, 388, 41, 90, 92, 93, 96	Yes
PabrACE2_31s	GQ262782.1	AGP04941	0.81	0.86	26, 30, 322, 323, 324, 325, 327, 328, 329, 33, 34, 352, 353, 354, 356, 37, 385, 386, 387, 388, 392, 41, 90, 92, 93, 96	Yes
PabrACE2_32s	GQ262782.1	AGP04942	0.8	0.84	26, 30, 322, 323, 324, 325, 327, 328, 329, 33, 34, 352, 353, 354, 356, 37, 38, 385, 386, 387, 388, 392, 41, 90, 92, 93, 96	Yes
PabrACE2_33s	GQ262782.1	KC522104	0.8	0.85	26, 27, 29, 30, 322, 323, 324, 325, 327, 328, 33, 34, 352, 353, 354, 37, 385, 386, 388, 392, 41, 42, 90, 93, 96	Yes
PabrACE2_clade2	GQ262782.1		0.8	0.86	26, 30, 322, 323, 324, 325, 327, 328, 329, 33, 34, 352, 353, 354, 356, 37, 38, 385, 386, 387, 388, 392, 41, 90, 92, 93, 96	Yes
PabrACE2_ejcov3	GQ262782.1	LC706865.1	0.65	0.14	26, 30, 548, 551, 552, 555, 556, 558, 559, 567, 570, 571, 574	No
PabrACE2_hku25	GQ262782.1	KX442564.1	0.8	0.84	26, 30, 33, 34, 37, 41, 90, 92, 93, 96, 322, 323, 324, 325, 327, 328, 329, 352, 353, 354, 356, 386, 387, 388, 392	No
PabrACE2_hsavi	GQ262782.1	MG596802	0.65	0.15	30, 31, 324, 325, 328, 329, 33, 34, 35, 352, 353, 354, 37, 38, 385, 386, 392, 41	No
PabrACE2_lmh03f	GQ262782.1	NC009020	0.8	0.85	26, 30, 322, 323, 324, 325, 327, 328, 329, 33, 34, 352, 353, 354, 356, 37, 385, 386, 387, 388, 392, 41, 90, 92, 93, 96	Yes
PabrACE2_mers	GQ262782.1	YP_009047204.1	0.67	0.18	114, 117, 118, 120, 121, 122, 124, 125, 127, 128, 129, 186, 198, 272, 273, 338, 339, 340, 341, 342, 344, 345, 346, 347, 348, 349, 350, 373, 377, 381, 384, 389, 392, 393, 40, 401, 405, 43, 44, 50, 503, 504, 507, 508, 509, 51, 513, 514, 517, 518, 52, 53, 54, 55, 56, 57, 58, 59, 62, 63, 66	No
PabrACE2_nvhku5	GQ262782.1	C_AA075371.1	0.8	0.84	26, 30, 321, 322, 323, 324, 327, 328, 33, 34, 352, 353, 354, 37, 38, 385, 386, 387, 388, 392, 41, 90, 92, 93, 96	Yes
PabrACE2_pkhulii	GQ262782.1	MG596803	0.74	0.6	22, 26, 29, 30, 321, 322, 323, 324, 325, 327, 328, 329, 34, 352, 353, 354, 37, 38, 386, 388, 392, 41, 90, 92, 93, 96	No
PabrACE2_q265	GQ262782.1	OQ175285.1	0.81	0.86	26, 30, 33, 34, 37, 41, 90, 92, 93, 96, 322, 323, 324, 327, 328, 352, 353, 354, 385, 386, 387, 388, 392	Yes
PabrACE2_sars2	GQ262782.1	YP_009724390.1	0.79	0.81	19, 24, 27, 28, 30, 31, 328, 329, 34, 35, 352, 353, 354, 356, 37, 38, 392, 41, 42, 45, 79, 83	No
PabrACE2_sc2013	GQ262782.1	KJ473821	0.79	0.79	26, 30, 320, 322, 323, 324, 325, 327, 328, 329, 33, 34, 352, 353, 354, 356, 37, 385, 386, 387, 388, 392, 41, 90, 93, 96	No
PabrACE2_wz2	GQ262782.1	OQ715761.1	0.81	0.86	26, 30, 33, 34, 37, 41, 90, 92, 93, 96, 322, 323, 324, 325, 327, 328, 352, 353, 354, 385, 386, 387, 388	Yes
